-- phpMyAdmin SQL Dump
-- version 4.7.4
-- https://www.phpmyadmin.net/
--
-- Host: 127.0.0.1:3306
-- Generation Time: Mar 10, 2020 at 09:38 PM
-- Server version: 5.7.19
-- PHP Version: 7.1.9

SET SQL_MODE = "NO_AUTO_VALUE_ON_ZERO";
SET AUTOCOMMIT = 0;
START TRANSACTION;
SET time_zone = "+00:00";


/*!40101 SET @OLD_CHARACTER_SET_CLIENT=@@CHARACTER_SET_CLIENT */;
/*!40101 SET @OLD_CHARACTER_SET_RESULTS=@@CHARACTER_SET_RESULTS */;
/*!40101 SET @OLD_COLLATION_CONNECTION=@@COLLATION_CONNECTION */;
/*!40101 SET NAMES utf8mb4 */;

--
-- Database: `accm`
--

-- --------------------------------------------------------

--
-- Table structure for table `ac_grade_input`
--

DROP TABLE IF EXISTS `ac_grade_input`;
CREATE TABLE IF NOT EXISTS `ac_grade_input` (
  `id` int(10) UNSIGNED NOT NULL AUTO_INCREMENT,
  `term` varchar(5) NOT NULL,
  `program_code` varchar(15) NOT NULL,
  `program_name` varchar(100) NOT NULL,
  `program_version` varchar(9) NOT NULL,
  `course_level` varchar(3) NOT NULL,
  `course_year` varchar(5) NOT NULL,
  `student_num` int(9) NOT NULL,
  `student_fname` varchar(50) NOT NULL,
  `student_lname` varchar(50) NOT NULL,
  `student_email` varchar(50) NOT NULL,
  `student_level` varchar(1) NOT NULL,
  `prof_fname` varchar(50) NOT NULL,
  `prof_lname` varchar(50) NOT NULL,
  `course_num` varchar(15) NOT NULL,
  `course_title` varchar(100) NOT NULL,
  `letter_grade` varchar(2) NOT NULL,
  `percent` varchar(3) NOT NULL,
  `fcomment` varchar(300) NOT NULL,
  `rcomment` varchar(300) NOT NULL,
  PRIMARY KEY (`id`)
) ENGINE=InnoDB AUTO_INCREMENT=177 DEFAULT CHARSET=utf8;

-- --------------------------------------------------------

--
-- Table structure for table `coordinator`
--

DROP TABLE IF EXISTS `coordinator`;
CREATE TABLE IF NOT EXISTS `coordinator` (
  `corid` int(10) UNSIGNED NOT NULL AUTO_INCREMENT,
  `id` varchar(15) NOT NULL,
  `fname` varchar(50) NOT NULL,
  `lname` varchar(50) NOT NULL,
  `pw` varchar(79) NOT NULL,
  `email` varchar(50) NOT NULL,
  `pid` int(10) UNSIGNED NOT NULL,
  PRIMARY KEY (`corid`),
  UNIQUE KEY `id` (`id`)
) ENGINE=InnoDB AUTO_INCREMENT=4 DEFAULT CHARSET=utf8;

--
-- Dumping data for table `coordinator`
--

INSERT INTO `coordinator` (`corid`, `id`, `fname`, `lname`, `pw`, `email`, `pid`) VALUES
(1, 'mizonj', 'jerome', 'mizon', '$5$rounds=535000$H/6GEmqDAA74uGOP$kt18xHirp0OmkgSqbhPb9Xkobg4VCMSnhp3TdmKp9S.', 'mizonj@algonquinlive.com', 20),
(3, 'test', 'jerome', 'mizon', '$5$rounds=535000$tIkIVvRw5GDxqyqL$WHIhBHjmwbjGRTnI/.Bio7cwJYIXZZL81kM0g/SHAA/', 'test', 20);

-- --------------------------------------------------------

--
-- Table structure for table `course`
--

DROP TABLE IF EXISTS `course`;
CREATE TABLE IF NOT EXISTS `course` (
  `cid` int(10) UNSIGNED NOT NULL AUTO_INCREMENT,
  `course_num` varchar(15) NOT NULL,
  `title` varchar(100) NOT NULL,
  `year` varchar(5) NOT NULL,
  PRIMARY KEY (`cid`)
) ENGINE=InnoDB AUTO_INCREMENT=471 DEFAULT CHARSET=utf8;

--
-- Dumping data for table `course`
--

INSERT INTO `course` (`cid`, `course_num`, `title`, `year`) VALUES
(408, 'CST8259', 'Web Programming Languages II', '2020W'),
(409, 'CST8265', 'Web Security Basics', '2020W'),
(410, 'CST8267', 'eCommerce', '2020W'),
(411, 'CST8268', 'Project', '2020W'),
(412, 'MGT7330', 'Trends in Today\'s Workplace', '2020W'),
(413, 'ENL8720', 'Technical Report Writing', '2020W'),
(414, 'DSN2001', 'History of Design', '2020W'),
(415, 'MAD9010.00', 'Graphics Technologies', '2020W'),
(416, 'GED5006', 'World Religions', '2020W'),
(417, 'GEN2000', 'Multiculturalism in Film', '2020W'),
(418, 'MAT8001', 'Math Fundamentals', '2020W'),
(419, 'CST8250', 'Database Design and Administration', '2020W'),
(420, 'HOS2228', 'Wine, Food and Culture', '2020W'),
(421, 'MVM8800', 'Impact of the Car on N.A. Culture', '2020W'),
(423, 'CST8256', 'Web Programming Languages I', '2018F'),
(424, 'CST8257', 'Web Applications Development', '2018F'),
(425, 'ENL8720', 'Technical\nCommunication for\nTechnicians', '2018F'),
(426, 'CST8258', 'Web Project Management', '2018F'),
(430, 'CST8250', 'Database Design and\nAdministration', '2018W'),
(431, 'CST8253', 'Web Programming II', '2018W'),
(432, 'MAD9010', 'Graphics Technologies', '2018W'),
(433, 'CST8254', 'Network Operating Systems', '2018W'),
(434, 'ENL1813T', 'Communications I', '2018W'),
(437, 'CST8209', 'Web Programming I', '2017F'),
(438, 'MAD9013', 'Cross-Platform Web Development', '2017F'),
(439, 'MAT8001C', 'Technical Math for Computer Science', '2017F'),
(440, 'CST8260', 'Database System and Concepts', '2017F'),
(441, 'CST8279', 'Intro to Computer Programming Using Python', '2017F'),
(442, 'CST8300', 'Achieving Success in Changing Environments', '2017F'),
(465, 'CST8209', 'Web Programming I', '2020W'),
(466, 'MAD9013', 'Cross-Platform Web Development', '2020W'),
(467, 'MAT8001C', 'Technical Math for Computer Science', '2020W'),
(468, 'CST8260', 'Database System and Concepts', '2020W'),
(469, 'CST8279', 'Intro to Computer Programming Using Python', '2020W'),
(470, 'CST8300', 'Achieving Success in Changing Environments', '2020W');

-- --------------------------------------------------------

--
-- Table structure for table `coursemap`
--

DROP TABLE IF EXISTS `coursemap`;
CREATE TABLE IF NOT EXISTS `coursemap` (
  `mapid` int(10) UNSIGNED NOT NULL AUTO_INCREMENT,
  `pid` int(10) UNSIGNED NOT NULL,
  `cid` int(10) UNSIGNED NOT NULL,
  `level` varchar(3) NOT NULL,
  `term` varchar(5) NOT NULL,
  PRIMARY KEY (`mapid`),
  KEY `pid` (`pid`),
  KEY `cid` (`cid`)
) ENGINE=InnoDB AUTO_INCREMENT=506 DEFAULT CHARSET=utf8;

--
-- Dumping data for table `coursemap`
--

INSERT INTO `coursemap` (`mapid`, `pid`, `cid`, `level`, `term`) VALUES
(443, 20, 408, 'A04', '2020W'),
(444, 20, 409, 'A04', '2020W'),
(445, 20, 410, 'A04', '2020W'),
(446, 20, 411, 'A04', '2020W'),
(447, 20, 412, 'A04', '2020W'),
(448, 20, 413, 'A04', '2020W'),
(449, 20, 414, 'A04', '2020W'),
(450, 20, 415, 'A04', '2020W'),
(451, 20, 416, 'A04', '2020W'),
(452, 20, 417, 'A04', '2020W'),
(453, 20, 418, 'A04', '2020W'),
(454, 20, 419, 'A04', '2020W'),
(455, 20, 420, 'A04', '2020W'),
(456, 20, 421, 'A04', '2020W'),
(458, 20, 423, 'A03', '2018F'),
(459, 20, 424, 'A03', '2018F'),
(460, 20, 425, 'A03', '2018F'),
(461, 20, 426, 'A03', '2018F'),
(465, 20, 430, 'A02', '2018W'),
(466, 20, 431, 'A02', '2018W'),
(467, 20, 432, 'A02', '2018W'),
(468, 20, 433, 'A02', '2018W'),
(469, 20, 434, 'A02', '2018W'),
(472, 20, 437, 'A01', '2017F'),
(473, 20, 438, 'A01', '2017F'),
(474, 20, 439, 'A01', '2017F'),
(475, 20, 440, 'A01', '2017F'),
(476, 20, 441, 'A01', '2017F'),
(477, 20, 442, 'A01', '2017F'),
(500, 20, 465, 'A01', '2017F'),
(501, 20, 466, 'A01', '2017F'),
(502, 20, 467, 'A01', '2017F'),
(503, 20, 468, 'A01', '2017F'),
(504, 20, 469, 'A01', '2017F'),
(505, 20, 470, 'A01', '2017F');

-- --------------------------------------------------------

--
-- Table structure for table `enrollment`
--

DROP TABLE IF EXISTS `enrollment`;
CREATE TABLE IF NOT EXISTS `enrollment` (
  `eid` int(10) UNSIGNED NOT NULL AUTO_INCREMENT,
  `sid` int(10) UNSIGNED NOT NULL,
  `pid` int(10) UNSIGNED NOT NULL,
  PRIMARY KEY (`eid`),
  KEY `sid` (`sid`),
  KEY `pid` (`pid`)
) ENGINE=InnoDB AUTO_INCREMENT=373 DEFAULT CHARSET=utf8;

--
-- Dumping data for table `enrollment`
--

INSERT INTO `enrollment` (`eid`, `sid`, `pid`) VALUES
(342, 666, 20),
(343, 667, 20),
(344, 668, 20),
(345, 669, 20),
(346, 670, 20),
(347, 671, 20),
(348, 672, 20),
(349, 673, 20),
(350, 674, 20),
(351, 675, 20),
(352, 676, 20),
(353, 677, 20),
(354, 678, 20),
(355, 679, 20),
(356, 680, 20),
(357, 681, 20),
(358, 682, 20),
(359, 683, 20),
(360, 684, 20),
(361, 685, 20),
(362, 686, 20),
(363, 687, 20),
(364, 688, 20),
(365, 689, 20),
(366, 690, 20),
(367, 691, 20),
(368, 692, 20),
(369, 693, 20),
(370, 694, 20),
(371, 695, 20),
(372, 696, 20);

-- --------------------------------------------------------

--
-- Table structure for table `flowchart`
--

DROP TABLE IF EXISTS `flowchart`;
CREATE TABLE IF NOT EXISTS `flowchart` (
  `mapid` int(11) NOT NULL,
  `sequence` int(11) NOT NULL
) ENGINE=InnoDB DEFAULT CHARSET=utf8;

--
-- Dumping data for table `flowchart`
--

INSERT INTO `flowchart` (`mapid`, `sequence`) VALUES
(475, 1),
(503, 1),
(472, 2),
(500, 2),
(476, 3),
(504, 3),
(473, 4),
(501, 4),
(474, 5),
(502, 5),
(477, 6),
(505, 6),
(454, 7),
(465, 7),
(466, 8),
(468, 9),
(467, 10),
(469, 11),
(458, 13),
(459, 14),
(461, 15),
(448, 16),
(460, 16),
(443, 18),
(444, 19),
(445, 20),
(446, 21);

-- --------------------------------------------------------

--
-- Table structure for table `grade`
--

DROP TABLE IF EXISTS `grade`;
CREATE TABLE IF NOT EXISTS `grade` (
  `gid` int(10) UNSIGNED NOT NULL AUTO_INCREMENT,
  `sid` int(10) UNSIGNED NOT NULL,
  `mapid` int(10) UNSIGNED NOT NULL,
  `letter_grade` varchar(2) NOT NULL,
  `percent` varchar(3) DEFAULT NULL,
  `fcomment` varchar(300) DEFAULT NULL,
  `rcomment` varchar(300) DEFAULT NULL,
  PRIMARY KEY (`gid`),
  KEY `sid` (`sid`),
  KEY `mapid` (`mapid`)
) ENGINE=InnoDB AUTO_INCREMENT=6572 DEFAULT CHARSET=utf8 COMMENT='Grade table';

--
-- Dumping data for table `grade`
--

INSERT INTO `grade` (`gid`, `sid`, `mapid`, `letter_grade`, `percent`, `fcomment`, `rcomment`) VALUES
(4737, 666, 443, 'B ', '', '', ''),
(4738, 666, 444, 'A-', '', '', ''),
(4739, 666, 445, 'A ', '86', '', ''),
(4740, 666, 446, 'B+', '78', '', ''),
(4741, 667, 443, 'A+', '', '', ''),
(4742, 667, 444, 'B ', '', '', ''),
(4743, 667, 445, 'A+', '91', '', ''),
(4744, 667, 446, 'A-', '82', '', ''),
(4745, 668, 443, 'A ', '', '', ''),
(4746, 668, 444, 'A ', '', '', ''),
(4747, 668, 445, 'A+', '93', '', ''),
(4748, 668, 446, 'A ', '89', '', ''),
(4749, 669, 443, 'A+', '', '', ''),
(4750, 669, 444, 'A+', '', '', ''),
(4751, 669, 445, 'A ', '87', '', ''),
(4752, 669, 446, 'B+', '78', '', ''),
(4753, 669, 447, '  ', '', '', ''),
(4754, 670, 443, 'C ', '', '', ''),
(4755, 670, 444, 'C+', '', '', ''),
(4756, 670, 445, 'B+', '79', '', ''),
(4757, 670, 446, 'A-', '81', '', ''),
(4758, 671, 443, 'A+', '', '', ''),
(4759, 671, 444, 'A-', '', '', ''),
(4760, 671, 445, 'A ', '87', '', ''),
(4761, 671, 446, 'A-', '82', '', ''),
(4762, 672, 443, 'C+', '', '', ''),
(4763, 672, 444, 'D-', '', '', ''),
(4764, 672, 445, 'B-', '71', '', ''),
(4765, 672, 446, 'B+', '78', '', ''),
(4766, 672, 448, 'F ', '8', 'Did not complete 9/10 assignments.  Only attended 1 class all semester.', ''),
(4767, 673, 443, 'A ', '', '', ''),
(4768, 673, 444, 'B+', '', '', ''),
(4769, 673, 445, 'A+', '91', '', ''),
(4770, 673, 446, 'A+', '93', '', ''),
(4771, 673, 447, 'B ', '', '', ''),
(4772, 673, 449, 'D ', '56', '', ''),
(4773, 674, 443, 'D+', '', '', ''),
(4774, 674, 444, 'C-', '', '', ''),
(4775, 674, 445, 'A ', '88', '', ''),
(4776, 674, 446, 'B ', '76', '', ''),
(4777, 674, 450, 'A-', '83', '', ''),
(4778, 675, 443, 'A-', '', '', ''),
(4779, 675, 444, 'A ', '', '', ''),
(4780, 675, 445, 'A ', '89', '', ''),
(4781, 675, 446, 'A ', '87', '', ''),
(4782, 676, 443, 'A+', '', '', ''),
(4783, 676, 444, 'A+', '', '', ''),
(4784, 676, 445, 'A+', '90', '', ''),
(4785, 676, 446, 'A+', '98', '', ''),
(4786, 677, 443, 'C ', '', '', ''),
(4787, 677, 444, 'C-', '', '', ''),
(4788, 677, 445, 'A ', '85', '', ''),
(4789, 677, 446, 'B ', '75', '', ''),
(4790, 677, 451, 'C+', '', '', ''),
(4791, 677, 452, 'D ', '', '', ''),
(4792, 677, 453, 'F ', '27', 'Missing Quizzes # 1,2, Ass# 1,2,3 Test# 2, and weak in Math', ''),
(4793, 678, 443, 'A+', '', '', ''),
(4794, 678, 444, 'A+', '', '', ''),
(4795, 678, 445, 'A+', '90', '', ''),
(4796, 678, 446, 'A+', '96', '', ''),
(4797, 678, 448, 'A+', '', '', ''),
(4798, 679, 443, 'B ', '', '', ''),
(4799, 679, 445, 'A ', '85', '', ''),
(4800, 680, 443, 'F ', '', '', ''),
(4801, 680, 446, 'C+', '68', '', ''),
(4802, 681, 443, 'A-', '', '', ''),
(4803, 681, 444, 'A-', '', '', ''),
(4804, 681, 445, 'A-', '82', '', ''),
(4805, 681, 446, 'A ', '88', '', ''),
(4806, 682, 450, 'C-', '60', '', ''),
(4807, 682, 454, 'C+', '67', '', ''),
(4808, 683, 443, 'A ', '', '', ''),
(4809, 683, 444, 'A-', '', '', ''),
(4810, 683, 445, 'A+', '93', '', ''),
(4811, 683, 446, 'A+', '91', '', ''),
(4812, 684, 443, 'A+', '', '', ''),
(4813, 684, 444, 'A+', '', '', ''),
(4814, 684, 445, 'A+', '93', '', ''),
(4815, 684, 446, 'A+', '97', '', ''),
(4816, 684, 450, 'A+', '93', '', ''),
(4817, 685, 443, 'A+', '', '', ''),
(4818, 685, 444, 'A-', '', '', ''),
(4819, 685, 445, 'A+', '91', '', ''),
(4820, 685, 446, 'A ', '89', '', ''),
(4821, 686, 443, 'A+', '', '', ''),
(4822, 686, 444, 'A ', '', '', ''),
(4823, 686, 445, 'A+', '93', '', ''),
(4824, 686, 446, 'A+', '90', '', ''),
(4825, 687, 443, 'A+', '', '', ''),
(4826, 687, 444, 'A+', '', '', ''),
(4827, 687, 445, 'A ', '88', '', ''),
(4828, 687, 446, 'A+', '95', '', ''),
(4829, 688, 443, 'A ', '', '', ''),
(4830, 688, 444, 'C+', '', '', ''),
(4831, 688, 445, 'A+', '91', '', ''),
(4832, 688, 446, 'A+', '93', '', ''),
(4833, 688, 455, 'A ', '', '', ''),
(4834, 688, 456, 'A-', '84', '', ''),
(4835, 689, 443, 'D-', '', '', ''),
(4836, 689, 444, 'F ', '44', 'She did not submit and/or demo some lab works: Lab-7, Lab-9, Lab-10, Lab-11.\nLab score: 18.75 out of 45\n\nMidterm score was also very bad: 8 out of 20.', ''),
(4837, 690, 443, 'B ', '', '', ''),
(4838, 690, 444, 'B-', '', '', ''),
(4839, 690, 445, 'A+', '91', '', ''),
(4840, 690, 446, 'A+', '92', '', ''),
(4841, 691, 443, 'A ', '', '', ''),
(4842, 691, 444, 'B ', '', '', ''),
(4843, 691, 445, 'B+', '78', '', ''),
(4844, 691, 446, 'A-', '82', '', ''),
(4845, 692, 443, 'A+', '', '', ''),
(4846, 692, 444, 'A-', '', '', ''),
(4847, 692, 445, 'B-', '71', '', ''),
(4848, 692, 446, 'A+', '93', '', ''),
(4849, 693, 443, 'A+', '', '', ''),
(4850, 693, 444, 'A+', '', '', ''),
(4851, 693, 445, 'A+', '92', '', ''),
(4852, 693, 446, 'A+', '93', '', ''),
(4853, 694, 443, 'B-', '', '', ''),
(4854, 694, 444, 'B-', '', '', ''),
(4855, 694, 445, 'A-', '84', '', ''),
(4856, 694, 446, 'B+', '78', '', ''),
(4857, 695, 443, 'A+', '', '', ''),
(4858, 695, 444, 'A+', '', '', ''),
(4859, 695, 445, 'A+', '93', '', ''),
(4860, 695, 446, 'A+', '92', '', ''),
(4861, 696, 443, 'B+', '', '', ''),
(4862, 696, 444, 'A ', '', '', ''),
(4863, 696, 445, 'A+', '90', '', ''),
(4864, 696, 446, 'A+', '94', '', ''),
(4992, 666, 458, 'B ', '', '', ''),
(4993, 666, 459, 'A ', '', '', ''),
(4994, 666, 460, 'B+', '86', '', ''),
(4995, 666, 461, 'B', '78', '', ''),
(4996, 667, 458, 'A+', '', '', ''),
(4997, 667, 459, 'F ', '', '', ''),
(4998, 667, 460, 'A+', '91', '', ''),
(4999, 667, 461, 'A-', '82', '', ''),
(5000, 668, 458, 'A ', '', '', ''),
(5001, 668, 459, 'A-', '', '', ''),
(5002, 668, 460, 'A+', '93', '', ''),
(5003, 668, 461, 'B+', '89', '', ''),
(5004, 669, 458, 'A ', '', '', ''),
(5005, 669, 459, 'B', '', '', ''),
(5006, 669, 460, 'B-', '87', '', ''),
(5007, 669, 461, 'B-', '78', '', ''),
(5008, 670, 458, 'C ', '', '', ''),
(5009, 670, 459, 'B', '', '', ''),
(5010, 670, 460, 'A+', '79', '', ''),
(5011, 670, 461, 'A-', '81', '', ''),
(5012, 671, 458, 'A+', '', '', ''),
(5013, 671, 459, 'A-', '', '', ''),
(5014, 671, 460, 'A ', '87', '', ''),
(5015, 671, 461, 'A-', '82', '', ''),
(5016, 672, 458, 'A-', '', '', ''),
(5017, 672, 459, 'C+', '', '', ''),
(5018, 672, 460, 'B-', '71', '', ''),
(5019, 672, 461, 'B+', '78', '', ''),
(5020, 673, 458, 'A ', '', '', ''),
(5021, 673, 459, 'B+', '', '', ''),
(5022, 673, 460, 'A+', '91', '', ''),
(5023, 673, 461, 'A+', '93', '', ''),
(5024, 674, 458, 'D+', '', '', ''),
(5025, 674, 459, 'C+', '', '', ''),
(5026, 674, 460, 'A ', '88', '', ''),
(5027, 674, 461, 'B ', '76', '', ''),
(5028, 675, 458, 'B ', '', '', ''),
(5029, 675, 459, 'B', '', '', ''),
(5030, 675, 460, 'A+', '89', '', ''),
(5031, 675, 461, 'A+', '87', '', ''),
(5032, 676, 458, 'A+', '', '', ''),
(5033, 676, 459, 'A+', '', '', ''),
(5034, 676, 460, 'A+', '90', '', ''),
(5035, 676, 461, 'A', '98', '', ''),
(5036, 677, 458, 'C ', '', '', ''),
(5037, 677, 459, 'C-', '', '', ''),
(5038, 677, 460, 'A ', '85', '', ''),
(5039, 677, 461, 'A-', '75', '', ''),
(5040, 678, 458, 'A+', '', '', ''),
(5041, 678, 459, 'A+', '', '', ''),
(5042, 678, 460, 'A+', '90', '', ''),
(5043, 678, 461, 'A+', '96', '', ''),
(5044, 679, 458, 'B ', '', '', ''),
(5045, 679, 460, 'A ', '85', '', ''),
(5046, 680, 458, 'C+', '', '', ''),
(5047, 680, 461, 'C', '68', '', ''),
(5048, 681, 458, 'A-', '', '', ''),
(5049, 681, 459, 'A-', '', '', ''),
(5050, 681, 460, 'A-', '82', '', ''),
(5051, 681, 461, 'A ', '88', '', ''),
(5052, 682, 458, 'C+', '', '', ''),
(5053, 682, 459, 'A+', '', '', ''),
(5054, 682, 460, 'B+', '78', '', ''),
(5055, 682, 461, 'A-', '82', '', ''),
(5056, 683, 458, 'A ', '', '', ''),
(5057, 683, 459, 'A-', '', '', ''),
(5058, 683, 460, 'B+', '93', '', ''),
(5059, 683, 461, 'A+', '91', '', ''),
(5060, 684, 458, 'A+', '', '', ''),
(5061, 684, 459, 'B', '', '', ''),
(5062, 684, 460, 'A+', '93', '', ''),
(5063, 684, 461, 'A+', '97', '', ''),
(5064, 685, 458, 'A+', '', '', ''),
(5065, 685, 459, 'A-', '', '', ''),
(5066, 685, 460, 'A+', '91', '', ''),
(5067, 685, 461, 'A ', '89', '', ''),
(5068, 686, 458, 'A+', '', '', ''),
(5069, 686, 459, 'C', '', '', ''),
(5070, 686, 460, 'A+', '93', '', ''),
(5071, 686, 461, 'A+', '90', '', ''),
(5072, 687, 458, 'A+', '', '', ''),
(5073, 687, 459, 'A-', '', '', ''),
(5074, 687, 460, 'A ', '88', '', ''),
(5075, 687, 461, 'A', '95', '', ''),
(5076, 688, 458, 'A+', '', '', ''),
(5077, 688, 459, 'C+', '', '', ''),
(5078, 688, 460, 'A+', '91', '', ''),
(5079, 688, 461, 'B', '93', '', ''),
(5080, 689, 458, 'F ', '', '', ''),
(5081, 689, 459, 'C', '44', '', ''),
(5082, 690, 458, 'C', '', '', ''),
(5083, 690, 459, 'B-', '', '', ''),
(5084, 690, 460, 'A+', '91', '', ''),
(5085, 690, 461, 'A ', '92', '', ''),
(5086, 691, 458, 'A-', '', '', ''),
(5087, 691, 459, 'A', '', '', ''),
(5088, 691, 460, 'A ', '88', '', ''),
(5089, 691, 461, 'A-', '81', '', ''),
(5090, 692, 458, 'A+', '', '', ''),
(5091, 692, 459, 'A-', '', '', ''),
(5092, 692, 460, 'A-', '71', '', ''),
(5093, 692, 461, 'A+', '93', '', ''),
(5094, 693, 458, 'A+', '', '', ''),
(5095, 693, 459, 'A+', '', '', ''),
(5096, 693, 460, 'A+', '92', '', ''),
(5097, 693, 461, 'A+', '93', '', ''),
(5098, 694, 458, 'B-', '', '', ''),
(5099, 694, 459, 'B-', '', '', ''),
(5100, 694, 460, 'A-', '84', '', ''),
(5101, 694, 461, 'B+', '78', '', ''),
(5102, 695, 458, 'A+', '', '', ''),
(5103, 695, 459, 'A+', '', '', ''),
(5104, 695, 460, 'A+', '93', '', ''),
(5105, 695, 461, 'A+', '92', '', ''),
(5106, 696, 458, 'B+', '', '', ''),
(5107, 696, 459, 'A ', '', '', ''),
(5108, 696, 460, 'A+', '90', '', ''),
(5109, 696, 461, 'A+', '94', '', ''),
(5119, 666, 465, 'C ', '', '', ''),
(5120, 666, 466, 'A-', '', '', ''),
(5121, 666, 467, 'B', '', '', ''),
(5122, 666, 468, 'B', '78', '', ''),
(5123, 666, 469, 'C', '', '', ''),
(5124, 667, 465, 'A+', '', '', ''),
(5125, 667, 466, 'F ', '', '', ''),
(5126, 667, 467, 'A+', '', '', ''),
(5127, 667, 468, 'A-', '82', '', ''),
(5128, 667, 469, 'A+', '', '', ''),
(5129, 668, 465, 'A ', '', '', ''),
(5130, 668, 466, 'A-', '', '', ''),
(5131, 668, 467, 'B', '', '', ''),
(5132, 668, 468, 'B+', '89', '', ''),
(5133, 668, 469, 'C', '', '', ''),
(5134, 669, 465, 'A ', '', '', ''),
(5135, 669, 466, 'B+', '', '', ''),
(5136, 669, 467, 'B', '', '', ''),
(5137, 669, 468, 'B-', '78', '', ''),
(5138, 669, 469, 'A-', '', '', ''),
(5139, 670, 465, 'B ', '', '', ''),
(5140, 670, 466, 'B+', '', '', ''),
(5141, 670, 467, 'A-', '', '', ''),
(5142, 670, 468, 'A-', '81', '', ''),
(5143, 670, 469, 'B', '', '', ''),
(5144, 671, 465, 'A+', '', '', ''),
(5145, 671, 466, 'A-', '', '', ''),
(5146, 671, 467, 'A-', '', '', ''),
(5147, 671, 468, 'A-', '82', '', ''),
(5148, 671, 469, 'A-', '', '', ''),
(5149, 672, 465, 'A-', '', '', ''),
(5150, 672, 466, 'C+', '', '', ''),
(5151, 672, 467, 'B', '', '', ''),
(5152, 672, 468, 'B+', '78', '', ''),
(5153, 672, 469, 'A-', '', '', ''),
(5154, 673, 465, 'A-', '', '', ''),
(5155, 673, 466, 'B+', '', '', ''),
(5156, 673, 467, 'A+', '', '', ''),
(5157, 673, 468, 'A+', '93', '', ''),
(5158, 673, 469, 'A+', '', '', ''),
(5159, 674, 465, 'C+', '', '', ''),
(5160, 674, 466, 'B-', '', '', ''),
(5161, 674, 467, 'A ', '', '', ''),
(5162, 674, 468, 'B ', '76', '', ''),
(5163, 674, 469, 'A ', '', '', ''),
(5164, 675, 465, 'B ', '', '', ''),
(5165, 675, 466, 'B', '', '', ''),
(5166, 675, 467, 'A+', '', '', ''),
(5167, 675, 468, 'A+', '87', '', ''),
(5168, 675, 469, 'A+', '', '', ''),
(5169, 676, 465, 'A+', '', '', ''),
(5170, 676, 466, 'A+', '', '', ''),
(5171, 676, 467, 'A+', '', '', ''),
(5172, 676, 468, 'A', '98', '', ''),
(5173, 676, 469, 'A+', '', '', ''),
(5174, 677, 465, 'C ', '', '', ''),
(5175, 677, 466, 'C', '', '', ''),
(5176, 677, 467, 'A ', '', '', ''),
(5177, 677, 468, 'A-', '75', '', ''),
(5178, 677, 469, 'A ', '', '', ''),
(5179, 678, 465, 'A+', '', '', ''),
(5180, 678, 466, 'A+', '', '', ''),
(5181, 678, 467, 'A+', '', '', ''),
(5182, 678, 468, 'A+', '96', '', ''),
(5183, 678, 469, 'A ', '', '', ''),
(5184, 679, 465, 'B ', '', '', ''),
(5185, 679, 467, 'A ', '', '', ''),
(5186, 679, 469, 'A ', '', '', ''),
(5187, 680, 465, 'C+', '', '', ''),
(5188, 680, 468, 'C', '68', '', ''),
(5189, 681, 465, 'A-', '', '', ''),
(5190, 681, 466, 'B', '', '', ''),
(5191, 681, 467, 'A-', '', '', ''),
(5192, 681, 468, 'A ', '88', '', ''),
(5193, 681, 469, 'A-', '', '', ''),
(5194, 682, 465, 'B-', '', '', ''),
(5195, 682, 466, 'A+', '', '', ''),
(5196, 682, 467, 'B+', '', '', ''),
(5197, 682, 468, 'A-', '82', '', ''),
(5198, 682, 469, 'B+', '', '', ''),
(5199, 683, 465, 'A ', '', '', ''),
(5200, 683, 466, 'B', '', '', ''),
(5201, 683, 467, 'B+', '', '', ''),
(5202, 683, 468, 'A+', '91', '', ''),
(5203, 683, 469, 'B+', '', '', ''),
(5204, 684, 465, 'A+', '', '', ''),
(5205, 684, 466, 'A-', '', '', ''),
(5206, 684, 467, 'A+', '', '', ''),
(5207, 684, 468, 'A+', '97', '', ''),
(5208, 684, 469, 'A+', '', '', ''),
(5209, 685, 465, 'A+', '', '', ''),
(5210, 685, 466, 'A-', '', '', ''),
(5211, 685, 467, 'B', '', '', ''),
(5212, 685, 468, 'A ', '89', '', ''),
(5213, 685, 469, 'A-', '', '', ''),
(5214, 686, 465, 'B ', '', '', ''),
(5215, 686, 466, 'C+', '', '', ''),
(5216, 686, 467, 'A-', '', '', ''),
(5217, 686, 468, 'A+', '90', '', ''),
(5218, 686, 469, 'A', '', '', ''),
(5219, 687, 465, 'A+', '', '', ''),
(5220, 687, 466, 'A', '', '', ''),
(5221, 687, 467, 'A ', '', '', ''),
(5222, 687, 468, 'A', '95', '', ''),
(5223, 687, 469, 'A+', '', '', ''),
(5224, 688, 465, 'A+', '', '', ''),
(5225, 688, 466, 'C+', '', '', ''),
(5226, 688, 467, 'B', '', '', ''),
(5227, 688, 468, 'B', '93', '', ''),
(5228, 688, 469, 'A+', '', '', ''),
(5229, 689, 465, 'F ', '', '', ''),
(5230, 689, 466, 'C', '44', '', ''),
(5231, 690, 465, 'C+', '', '', ''),
(5232, 690, 466, 'B-', '', '', ''),
(5233, 690, 467, 'A+', '', '', ''),
(5234, 690, 468, 'A ', '92', '', ''),
(5235, 690, 469, 'A+', '', '', ''),
(5236, 691, 465, 'A', '', '', ''),
(5237, 691, 466, 'B+', '', '', ''),
(5238, 691, 467, 'A ', '', '', ''),
(5239, 691, 468, 'A-', '81', '', ''),
(5240, 691, 469, 'A ', '', '', ''),
(5241, 692, 465, 'A', '', '', ''),
(5242, 692, 466, 'A', '', '', ''),
(5243, 692, 467, 'A-', '', '', ''),
(5244, 692, 468, 'A+', '93', '', ''),
(5245, 692, 469, 'A-', '', '', ''),
(5246, 693, 465, 'A+', '', '', ''),
(5247, 693, 466, 'A+', '', '', ''),
(5248, 693, 467, 'B+', '', '', ''),
(5249, 693, 468, 'A+', '93', '', ''),
(5250, 693, 469, 'B+', '', '', ''),
(5251, 694, 465, 'B-', '', '', ''),
(5252, 694, 466, 'C', '', '', ''),
(5253, 694, 467, 'A', '', '', ''),
(5254, 694, 468, 'B+', '78', '', ''),
(5255, 694, 469, 'B+', '', '', ''),
(5256, 695, 465, 'A+', '', '', ''),
(5257, 695, 466, 'A+', '', '', ''),
(5258, 695, 467, 'B+', '', '', ''),
(5259, 695, 468, 'A+', '92', '', ''),
(5260, 695, 469, 'B+', '', '', ''),
(5261, 696, 465, 'D', '', '', ''),
(5262, 696, 466, 'A ', '', '', ''),
(5263, 696, 467, 'A-', '', '', ''),
(5264, 696, 468, 'A+', '94', '', ''),
(5265, 696, 469, 'A-', '', '', ''),
(5374, 666, 472, 'B', '', '', ''),
(5375, 666, 473, 'A', '', '', ''),
(5376, 666, 474, 'A-', '', '', ''),
(5377, 666, 475, 'A', '78', '', ''),
(5378, 666, 476, 'B', '', '', ''),
(5379, 666, 477, 'A', '', '', ''),
(5380, 667, 472, 'A+', '', '', ''),
(5381, 667, 473, 'A-', '', '', ''),
(5382, 667, 474, 'A+', '', '', ''),
(5383, 667, 475, 'A', '82', '', ''),
(5384, 667, 476, 'A+', '', '', ''),
(5385, 667, 477, 'A+', '', '', ''),
(5386, 668, 472, 'A-', '', '', ''),
(5387, 668, 473, 'B-', '', '', ''),
(5388, 668, 474, 'A', '', '', ''),
(5389, 668, 475, 'B-', '89', '', ''),
(5390, 668, 476, 'B-', '', '', ''),
(5391, 668, 477, 'A', '', '', ''),
(5392, 669, 472, 'A-', '', '', ''),
(5393, 669, 473, 'A+', '', '', ''),
(5394, 669, 474, 'A-', '', '', ''),
(5395, 669, 475, 'B+', '78', '', ''),
(5396, 669, 476, 'A-', '', '', ''),
(5397, 669, 477, 'A+', '', '', ''),
(5398, 670, 472, 'A', '', '', ''),
(5399, 670, 473, 'A-', '', '', ''),
(5400, 670, 474, 'A', '', '', ''),
(5401, 670, 475, 'A-', '81', '', ''),
(5402, 670, 476, 'C+', '', '', ''),
(5403, 670, 477, 'A-', '', '', ''),
(5404, 671, 472, 'A+', '', '', ''),
(5405, 671, 473, 'A-', '', '', ''),
(5406, 671, 474, 'A-', '', '', ''),
(5407, 671, 475, 'A-', '82', '', ''),
(5408, 671, 476, 'A-', '', '', ''),
(5409, 671, 477, 'A+', '', '', ''),
(5410, 672, 472, 'A+', '', '', ''),
(5411, 672, 473, 'B+', '', '', ''),
(5412, 672, 474, 'A-', '', '', ''),
(5413, 672, 475, 'A-', '78', '', ''),
(5414, 672, 476, 'B', '', '', ''),
(5415, 672, 477, 'A', '', '', ''),
(5416, 673, 472, 'A-', '', '', ''),
(5417, 673, 473, 'A', '', '', ''),
(5418, 673, 474, 'A+', '', '', ''),
(5419, 673, 475, 'A+', '93', '', ''),
(5420, 673, 476, 'A+', '', '', ''),
(5421, 673, 477, 'A+', '', '', ''),
(5422, 674, 472, 'C-', '', '', ''),
(5423, 674, 473, 'B-', '', '', ''),
(5424, 674, 474, 'B+', '', '', ''),
(5425, 674, 475, 'A-', '76', '', ''),
(5426, 674, 476, 'B-', '', '', ''),
(5427, 674, 477, 'A-', '', '', ''),
(5428, 675, 472, 'C', '', '', ''),
(5429, 675, 473, 'A', '', '', ''),
(5430, 675, 474, 'C', '', '', ''),
(5431, 675, 475, 'A+', '87', '', ''),
(5432, 675, 476, 'A+', '', '', ''),
(5433, 675, 477, 'B+', '', '', ''),
(5434, 676, 472, 'A+', '', '', ''),
(5435, 676, 473, 'A+', '', '', ''),
(5436, 676, 474, 'A+', '', '', ''),
(5437, 676, 475, 'A', '98', '', ''),
(5438, 676, 476, 'A+', '', '', ''),
(5439, 676, 477, 'A+', '', '', ''),
(5440, 677, 472, 'B+', '', '', ''),
(5441, 677, 473, 'B+', '', '', ''),
(5442, 677, 474, 'A ', '', '', ''),
(5443, 677, 475, 'A-', '75', '', ''),
(5444, 677, 476, 'D', '', '', ''),
(5445, 677, 477, 'C', '', '', ''),
(5446, 678, 472, 'A-', '', '', ''),
(5447, 678, 473, 'A+', '', '', ''),
(5448, 678, 474, 'A-', '', '', ''),
(5449, 678, 475, 'A+', '96', '', ''),
(5450, 678, 476, 'A ', '', '', ''),
(5451, 678, 477, 'B', '', '', ''),
(5452, 679, 472, 'B ', '', '', ''),
(5453, 679, 474, 'A ', '', '', ''),
(5454, 679, 476, 'A-', '', '', ''),
(5455, 679, 477, 'B+', '', '', ''),
(5456, 680, 472, 'C-', '', '', ''),
(5457, 680, 475, 'C', '68', '', ''),
(5458, 681, 472, 'A-', '', '', ''),
(5459, 681, 473, 'B', '', '', ''),
(5460, 681, 474, 'A+', '', '', ''),
(5461, 681, 475, 'B-', '88', '', ''),
(5462, 681, 476, 'A-', '', '', ''),
(5463, 681, 477, 'A', '', '', ''),
(5464, 682, 472, 'D', '', '', ''),
(5465, 682, 473, 'B-', '', '', ''),
(5466, 682, 474, 'A-', '', '', ''),
(5467, 682, 475, 'A-', '82', '', ''),
(5468, 682, 476, 'A', '', '', ''),
(5469, 682, 477, 'A', '', '', ''),
(5470, 683, 472, 'B', '', '', ''),
(5471, 683, 473, 'B+', '', '', ''),
(5472, 683, 474, 'B', '', '', ''),
(5473, 683, 475, 'B', '91', '', ''),
(5474, 683, 476, 'A-', '', '', ''),
(5475, 683, 477, 'A', '', '', ''),
(5476, 684, 472, 'A+', '', '', ''),
(5477, 684, 473, 'B+', '', '', ''),
(5478, 684, 474, 'A', '', '', ''),
(5479, 684, 475, 'A+', '97', '', ''),
(5480, 684, 476, 'A+', '', '', ''),
(5481, 684, 477, 'A+', '', '', ''),
(5482, 685, 472, 'A-', '', '', ''),
(5483, 685, 473, 'B+', '', '', ''),
(5484, 685, 474, 'B+', '', '', ''),
(5485, 685, 475, 'B-', '89', '', ''),
(5486, 685, 476, 'A', '', '', ''),
(5487, 685, 477, 'A-', '', '', ''),
(5488, 686, 472, 'B+', '', '', ''),
(5489, 686, 473, 'C', '', '', ''),
(5490, 686, 474, 'B-', '', '', ''),
(5491, 686, 475, 'A', '90', '', ''),
(5492, 686, 476, 'A-', '', '', ''),
(5493, 686, 477, 'A+', '', '', ''),
(5494, 687, 472, 'A-', '', '', ''),
(5495, 687, 473, 'A-', '', '', ''),
(5496, 687, 474, 'A-', '', '', ''),
(5497, 687, 475, 'A+', '95', '', ''),
(5498, 687, 476, 'A-', '', '', ''),
(5499, 687, 477, 'B', '', '', ''),
(5500, 688, 472, 'A+', '', '', ''),
(5501, 688, 473, 'A-', '', '', ''),
(5502, 688, 474, 'B+', '', '', ''),
(5503, 688, 475, 'A', '93', '', ''),
(5504, 688, 476, 'C', '', '', ''),
(5505, 688, 477, 'B+', '', '', ''),
(5506, 689, 472, 'D', '', '', ''),
(5507, 689, 473, 'D', '44', '', ''),
(5508, 690, 472, 'B+', '', '', ''),
(5509, 690, 473, 'B+', '', '', ''),
(5510, 690, 474, 'A+', '', '', ''),
(5511, 690, 475, 'B+', '92', '', ''),
(5512, 690, 476, 'B+', '', '', ''),
(5513, 690, 477, 'A-', '', '', ''),
(5514, 691, 472, 'A', '', '', ''),
(5515, 691, 473, 'A-', '', '', ''),
(5516, 691, 474, 'A ', '', '', ''),
(5517, 691, 475, 'A', '81', '', ''),
(5518, 691, 476, 'A ', '', '', ''),
(5519, 691, 477, 'A-', '', '', ''),
(5520, 692, 472, 'A-', '', '', ''),
(5521, 692, 473, 'A', '', '', ''),
(5522, 692, 474, 'B-', '', '', ''),
(5523, 692, 475, 'A+', '93', '', ''),
(5524, 692, 476, 'B+', '', '', ''),
(5525, 692, 477, 'B', '', '', ''),
(5526, 693, 472, 'A+', '', '', ''),
(5527, 693, 473, 'A-', '', '', ''),
(5528, 693, 474, 'B+', '', '', ''),
(5529, 693, 475, 'A+', '93', '', ''),
(5530, 693, 476, 'A+', '', '', ''),
(5531, 693, 477, 'A+', '', '', ''),
(5532, 694, 472, 'B', '', '', ''),
(5533, 694, 473, 'D', '', '', ''),
(5534, 694, 474, 'C+', '', '', ''),
(5535, 694, 475, 'A+', '78', '', ''),
(5536, 694, 476, 'B', '', '', ''),
(5537, 694, 477, 'A', '', '', ''),
(5538, 695, 472, 'A+', '', '', ''),
(5539, 695, 473, 'A-', '', '', ''),
(5540, 695, 474, 'B-', '', '', ''),
(5541, 695, 475, 'A-', '92', '', ''),
(5542, 695, 476, 'B+', '', '', ''),
(5543, 695, 477, 'A-', '', '', ''),
(5544, 696, 472, 'D', '', '', ''),
(5545, 696, 473, 'A ', '', '', ''),
(5546, 696, 474, 'A-', '', '', ''),
(5547, 696, 475, 'A+', '94', '', ''),
(5548, 696, 476, 'A-', '', '', ''),
(5549, 696, 477, 'A-', '', '', ''),
(5629, 668, 448, 'T', NULL, 'test', 'test'),
(6395, 666, 500, 'B', '', '', ''),
(6396, 666, 501, 'A', '', '', ''),
(6397, 666, 502, 'A-', '', '', ''),
(6398, 666, 503, 'A', '78', '', ''),
(6399, 666, 504, 'B', '', '', ''),
(6400, 666, 505, 'A', '', '', ''),
(6401, 667, 500, 'A+', '', '', ''),
(6402, 667, 501, 'A-', '', '', ''),
(6403, 667, 502, 'A+', '', '', ''),
(6404, 667, 503, 'A', '82', '', ''),
(6405, 667, 504, 'A+', '', '', ''),
(6406, 667, 505, 'A+', '', '', ''),
(6407, 668, 500, 'A-', '', '', ''),
(6408, 668, 501, 'B-', '', '', ''),
(6409, 668, 502, 'A', '', '', ''),
(6410, 668, 503, 'B-', '89', '', ''),
(6411, 668, 504, 'B-', '', '', ''),
(6412, 668, 505, 'A', '', '', ''),
(6413, 669, 500, 'A-', '', '', ''),
(6414, 669, 501, 'A+', '', '', ''),
(6415, 669, 502, 'A-', '', '', ''),
(6416, 669, 503, 'B+', '78', '', ''),
(6417, 669, 504, 'A-', '', '', ''),
(6418, 669, 505, 'A+', '', '', ''),
(6419, 670, 500, 'A', '', '', ''),
(6420, 670, 501, 'A-', '', '', ''),
(6421, 670, 502, 'A', '', '', ''),
(6422, 670, 503, 'A-', '81', '', ''),
(6423, 670, 504, 'C+', '', '', ''),
(6424, 670, 505, 'A-', '', '', ''),
(6425, 671, 500, 'A+', '', '', ''),
(6426, 671, 501, 'A-', '', '', ''),
(6427, 671, 502, 'A-', '', '', ''),
(6428, 671, 503, 'A-', '82', '', ''),
(6429, 671, 504, 'A-', '', '', ''),
(6430, 671, 505, 'A+', '', '', ''),
(6431, 672, 500, 'A+', '', '', ''),
(6432, 672, 501, 'B+', '', '', ''),
(6433, 672, 502, 'A-', '', '', ''),
(6434, 672, 503, 'A-', '78', '', ''),
(6435, 672, 504, 'B', '', '', ''),
(6436, 672, 505, 'A', '', '', ''),
(6437, 673, 500, 'A-', '', '', ''),
(6438, 673, 501, 'A', '', '', ''),
(6439, 673, 502, 'A+', '', '', ''),
(6440, 673, 503, 'A+', '93', '', ''),
(6441, 673, 504, 'A+', '', '', ''),
(6442, 673, 505, 'A+', '', '', ''),
(6443, 674, 500, 'C-', '', '', ''),
(6444, 674, 501, 'B-', '', '', ''),
(6445, 674, 502, 'B+', '', '', ''),
(6446, 674, 503, 'A-', '76', '', ''),
(6447, 674, 504, 'B-', '', '', ''),
(6448, 674, 505, 'A-', '', '', ''),
(6449, 675, 500, 'C', '', '', ''),
(6450, 675, 501, 'A', '', '', ''),
(6451, 675, 502, 'C', '', '', ''),
(6452, 675, 503, 'A+', '87', '', ''),
(6453, 675, 504, 'A+', '', '', ''),
(6454, 675, 505, 'B+', '', '', ''),
(6455, 676, 500, 'A+', '', '', ''),
(6456, 676, 501, 'A+', '', '', ''),
(6457, 676, 502, 'A+', '', '', ''),
(6458, 676, 503, 'A', '98', '', ''),
(6459, 676, 504, 'A+', '', '', ''),
(6460, 676, 505, 'A+', '', '', ''),
(6461, 677, 500, 'B+', '', '', ''),
(6462, 677, 501, 'B+', '', '', ''),
(6463, 677, 502, 'A ', '', '', ''),
(6464, 677, 503, 'A-', '75', '', ''),
(6465, 677, 504, 'D', '', '', ''),
(6466, 677, 505, 'C', '', '', ''),
(6467, 678, 500, 'A-', '', '', ''),
(6468, 678, 501, 'A+', '', '', ''),
(6469, 678, 502, 'A-', '', '', ''),
(6470, 678, 503, 'A+', '96', '', ''),
(6471, 678, 504, 'A ', '', '', ''),
(6472, 678, 505, 'B', '', '', ''),
(6473, 679, 500, 'B ', '', '', ''),
(6474, 679, 502, 'A ', '', '', ''),
(6475, 679, 504, 'A-', '', '', ''),
(6476, 679, 505, 'B+', '', '', ''),
(6477, 680, 500, 'C-', '', '', ''),
(6478, 680, 503, 'C', '68', '', ''),
(6479, 681, 500, 'A-', '', '', ''),
(6480, 681, 501, 'B', '', '', ''),
(6481, 681, 502, 'A+', '', '', ''),
(6482, 681, 503, 'B-', '88', '', ''),
(6483, 681, 504, 'A-', '', '', ''),
(6484, 681, 505, 'A', '', '', ''),
(6485, 682, 500, 'D', '', '', ''),
(6486, 682, 501, 'B-', '', '', ''),
(6487, 682, 502, 'A-', '', '', ''),
(6488, 682, 503, 'A-', '82', '', ''),
(6489, 682, 504, 'A', '', '', ''),
(6490, 682, 505, 'A', '', '', ''),
(6491, 683, 500, 'B', '', '', ''),
(6492, 683, 501, 'B+', '', '', ''),
(6493, 683, 502, 'B', '', '', ''),
(6494, 683, 503, 'B', '91', '', ''),
(6495, 683, 504, 'A-', '', '', ''),
(6496, 683, 505, 'A', '', '', ''),
(6497, 684, 500, 'A+', '', '', ''),
(6498, 684, 501, 'B+', '', '', ''),
(6499, 684, 502, 'A', '', '', ''),
(6500, 684, 503, 'A+', '97', '', ''),
(6501, 684, 504, 'A+', '', '', ''),
(6502, 684, 505, 'A+', '', '', ''),
(6503, 685, 500, 'A-', '', '', ''),
(6504, 685, 501, 'B+', '', '', ''),
(6505, 685, 502, 'B+', '', '', ''),
(6506, 685, 503, 'B-', '89', '', ''),
(6507, 685, 504, 'A', '', '', ''),
(6508, 685, 505, 'A-', '', '', ''),
(6509, 686, 500, 'B+', '', '', ''),
(6510, 686, 501, 'C', '', '', ''),
(6511, 686, 502, 'B-', '', '', ''),
(6512, 686, 503, 'A', '90', '', ''),
(6513, 686, 504, 'A-', '', '', ''),
(6514, 686, 505, 'A+', '', '', ''),
(6515, 687, 500, 'A-', '', '', ''),
(6516, 687, 501, 'A-', '', '', ''),
(6517, 687, 502, 'A-', '', '', ''),
(6518, 687, 503, 'A+', '95', '', ''),
(6519, 687, 504, 'A-', '', '', ''),
(6520, 687, 505, 'B', '', '', ''),
(6521, 688, 500, 'A+', '', '', ''),
(6522, 688, 501, 'A-', '', '', ''),
(6523, 688, 502, 'B+', '', '', ''),
(6524, 688, 503, 'A', '93', '', ''),
(6525, 688, 504, 'C', '', '', ''),
(6526, 688, 505, 'B+', '', '', ''),
(6527, 689, 500, 'D', '', '', ''),
(6528, 689, 501, 'D', '44', '', ''),
(6529, 690, 500, 'B+', '', '', ''),
(6530, 690, 501, 'B+', '', '', ''),
(6531, 690, 502, 'A+', '', '', ''),
(6532, 690, 503, 'B+', '92', '', ''),
(6533, 690, 504, 'B+', '', '', ''),
(6534, 690, 505, 'A-', '', '', ''),
(6535, 691, 500, 'A', '', '', ''),
(6536, 691, 501, 'A-', '', '', ''),
(6537, 691, 502, 'A ', '', '', ''),
(6538, 691, 503, 'A', '81', '', ''),
(6539, 691, 504, 'A ', '', '', ''),
(6540, 691, 505, 'A-', '', '', ''),
(6541, 692, 500, 'A-', '', '', ''),
(6542, 692, 501, 'A', '', '', ''),
(6543, 692, 502, 'B-', '', '', ''),
(6544, 692, 503, 'A+', '93', '', ''),
(6545, 692, 504, 'B+', '', '', ''),
(6546, 692, 505, 'B', '', '', ''),
(6547, 693, 500, 'A+', '', '', ''),
(6548, 693, 501, 'A-', '', '', ''),
(6549, 693, 502, 'B+', '', '', ''),
(6550, 693, 503, 'A+', '93', '', ''),
(6551, 693, 504, 'A+', '', '', ''),
(6552, 693, 505, 'A+', '', '', ''),
(6553, 694, 500, 'B', '', '', ''),
(6554, 694, 501, 'D', '', '', ''),
(6555, 694, 502, 'C+', '', '', ''),
(6556, 694, 503, 'A+', '78', '', ''),
(6557, 694, 504, 'B', '', '', ''),
(6558, 694, 505, 'A', '', '', ''),
(6559, 695, 500, 'A+', '', '', ''),
(6560, 695, 501, 'A-', '', '', ''),
(6561, 695, 502, 'B-', '', '', ''),
(6562, 695, 503, 'A-', '92', '', ''),
(6563, 695, 504, 'B+', '', '', ''),
(6564, 695, 505, 'A-', '', '', ''),
(6565, 696, 500, 'D', '', '', ''),
(6566, 696, 501, 'A ', '', '', ''),
(6567, 696, 502, 'A-', '', '', ''),
(6568, 696, 503, 'A+', '94', '', ''),
(6569, 696, 504, 'A-', '', '', ''),
(6570, 696, 505, 'A-', '', '', ''),
(6571, 670, 451, 'T', NULL, '', 'test');

-- --------------------------------------------------------

--
-- Table structure for table `prerequisite`
--

DROP TABLE IF EXISTS `prerequisite`;
CREATE TABLE IF NOT EXISTS `prerequisite` (
  `preid` int(10) UNSIGNED NOT NULL AUTO_INCREMENT,
  `mapid` int(10) UNSIGNED NOT NULL,
  `prerequisite` int(10) UNSIGNED NOT NULL,
  PRIMARY KEY (`preid`),
  KEY `mapid` (`mapid`),
  KEY `prerequisite` (`prerequisite`)
) ENGINE=InnoDB AUTO_INCREMENT=113 DEFAULT CHARSET=utf8;

--
-- Dumping data for table `prerequisite`
--

INSERT INTO `prerequisite` (`preid`, `mapid`, `prerequisite`) VALUES
(70, 443, 459),
(71, 444, 459),
(72, 445, 459),
(73, 446, 461),
(74, 458, 466),
(75, 461, 466),
(76, 448, 469),
(77, 460, 469),
(78, 454, 475),
(79, 465, 475),
(80, 466, 472),
(81, 466, 476),
(82, 458, 475),
(83, 459, 475),
(84, 459, 472),
(106, 454, 503),
(107, 465, 503),
(108, 466, 500),
(109, 466, 504),
(110, 458, 503),
(111, 459, 503),
(112, 459, 500);

-- --------------------------------------------------------

--
-- Table structure for table `professor`
--

DROP TABLE IF EXISTS `professor`;
CREATE TABLE IF NOT EXISTS `professor` (
  `profid` int(10) UNSIGNED NOT NULL AUTO_INCREMENT,
  `id` varchar(15) DEFAULT NULL,
  `fname` varchar(50) NOT NULL,
  `lname` varchar(50) NOT NULL,
  `email` varchar(50) DEFAULT NULL,
  `pw` varchar(79) DEFAULT NULL,
  PRIMARY KEY (`profid`),
  UNIQUE KEY `id` (`id`)
) ENGINE=InnoDB AUTO_INCREMENT=527 DEFAULT CHARSET=utf8;

--
-- Dumping data for table `professor`
--

INSERT INTO `professor` (`profid`, `id`, `fname`, `lname`, `email`, `pw`) VALUES
(504, 'weig', 'WEI', 'GONG', NULL, '$5$rounds=535000$zdpP2/Wtq4avyRE0$Zgk7yYM/09w9dIP5WSw4i19GQOnCDnIEvaHqr3xdFkC'),
(505, NULL, 'MOHAMMAD', 'PATOARY', NULL, NULL),
(506, NULL, 'JEROME', 'MIZON', NULL, NULL),
(507, NULL, 'JASON', 'ABBOTT', NULL, NULL),
(508, NULL, 'CHRIS', 'RYAN', NULL, NULL),
(509, NULL, 'WILLIAM', 'HENNESSY', NULL, NULL),
(510, NULL, 'JOSEPH', 'MCLARTY', NULL, NULL),
(511, NULL, 'MARGARET', 'RALPH', NULL, NULL),
(512, NULL, 'MICHEL', 'LACROIX', NULL, NULL),
(513, NULL, 'JOHN', 'CAPPUCCI', NULL, NULL),
(514, NULL, 'BREANNE', 'ORYSCHAK', NULL, NULL),
(515, NULL, 'ABDUL', 'AL-AZZAWI', NULL, NULL),
(516, NULL, 'DANIEL', 'GAUDREAULT', NULL, NULL),
(517, NULL, 'CHARLES L.', 'WARREN', NULL, NULL),
(518, NULL, 'TIM M.', 'BRETON', NULL, NULL),
(519, NULL, 'Elizabeth', 'Kargus', NULL, NULL),
(520, NULL, 'ANISSA', 'SHADDY', NULL, NULL),
(521, NULL, 'SuCheng ', 'Lee ', NULL, NULL),
(522, NULL, 'DEVON', 'GALWAY', NULL, NULL),
(523, NULL, 'Dave ', 'Richer', NULL, NULL),
(524, NULL, 'GABRIEL', 'DUBE', NULL, NULL),
(525, NULL, 'MICHAEL ', 'DELGATY', NULL, NULL),
(526, NULL, 'Phil ', 'Beals', NULL, NULL);

-- --------------------------------------------------------

--
-- Table structure for table `program`
--

DROP TABLE IF EXISTS `program`;
CREATE TABLE IF NOT EXISTS `program` (
  `pid` int(10) UNSIGNED NOT NULL AUTO_INCREMENT,
  `code` varchar(15) NOT NULL,
  `name` varchar(100) NOT NULL,
  `program_version` varchar(9) NOT NULL,
  PRIMARY KEY (`pid`)
) ENGINE=InnoDB AUTO_INCREMENT=21 DEFAULT CHARSET=utf8;

--
-- Dumping data for table `program`
--

INSERT INTO `program` (`pid`, `code`, `name`, `program_version`) VALUES
(20, '3002X', '3002X Internet Applications & Web Development', '2019-2020');

-- --------------------------------------------------------

--
-- Table structure for table `program_secretary`
--

DROP TABLE IF EXISTS `program_secretary`;
CREATE TABLE IF NOT EXISTS `program_secretary` (
  `psid` int(10) UNSIGNED NOT NULL AUTO_INCREMENT,
  `pid` int(10) UNSIGNED NOT NULL,
  `secid` int(10) UNSIGNED NOT NULL,
  PRIMARY KEY (`psid`),
  KEY `pid` (`pid`),
  KEY `secid` (`secid`)
) ENGINE=InnoDB AUTO_INCREMENT=2 DEFAULT CHARSET=utf8;

--
-- Dumping data for table `program_secretary`
--

INSERT INTO `program_secretary` (`psid`, `pid`, `secid`) VALUES
(1, 20, 1);

-- --------------------------------------------------------

--
-- Table structure for table `secretary`
--

DROP TABLE IF EXISTS `secretary`;
CREATE TABLE IF NOT EXISTS `secretary` (
  `secid` int(10) UNSIGNED NOT NULL AUTO_INCREMENT,
  `id` varchar(15) NOT NULL,
  `fname` varchar(50) NOT NULL,
  `lname` varchar(50) NOT NULL,
  `pw` varchar(79) NOT NULL,
  `email` varchar(50) NOT NULL,
  PRIMARY KEY (`secid`)
) ENGINE=InnoDB AUTO_INCREMENT=2 DEFAULT CHARSET=utf8;

--
-- Dumping data for table `secretary`
--

INSERT INTO `secretary` (`secid`, `id`, `fname`, `lname`, `pw`, `email`) VALUES
(1, 'jamest', 'James', 'Tyler', '$5$rounds=535000$SVoMArZtxbYS3.JF$jnBVgGE384ARkWbCg0eEVJdpkOkDF3Ojg1fE4xc3.E8', 'james@email');

-- --------------------------------------------------------

--
-- Table structure for table `student`
--

DROP TABLE IF EXISTS `student`;
CREATE TABLE IF NOT EXISTS `student` (
  `sid` int(10) UNSIGNED NOT NULL AUTO_INCREMENT,
  `student_num` int(9) NOT NULL,
  `fname` varchar(50) NOT NULL,
  `lname` varchar(50) NOT NULL,
  `pw` char(79) DEFAULT NULL,
  `level` varchar(1) NOT NULL,
  `email` varchar(50) NOT NULL,
  PRIMARY KEY (`sid`)
) ENGINE=InnoDB AUTO_INCREMENT=697 DEFAULT CHARSET=utf8;

--
-- Dumping data for table `student`
--

INSERT INTO `student` (`sid`, `student_num`, `fname`, `lname`, `pw`, `level`, `email`) VALUES
(666, 123456789, 'Joe         ', '', '$5$rounds=535000$m.pybG8rL8q.PzBn$2u3/FUXtc6ZAYwYjatHQFx6WzZeZ.sAPOM1gO3R/0h0', '', ''),
(667, 408903053, 'John Patrick   ', '', NULL, '', ''),
(668, 408903087, 'Jake       ', '', '$5$rounds=535000$HpDNiHWarN7LYCGG$H6xZEP8GFyRlUTELJfxuJgePA6AwIR0VuCF9uJtYgI3', '', ''),
(669, 408903107, 'Paul           ', '', NULL, '', ''),
(670, 408903122, 'Bill         ', '', NULL, '', ''),
(671, 408903133, 'David          ', '', NULL, '', ''),
(672, 408903134, 'Abidan         ', '', NULL, '', ''),
(673, 408903205, 'Michel         ', '', NULL, '', ''),
(674, 408903241, 'Elamin         ', '', NULL, '', ''),
(675, 408903275, 'Tom', '', NULL, '', ''),
(676, 408903276, 'Joshua         ', '', NULL, '', ''),
(677, 408903408, 'Vince        ', '', NULL, '', ''),
(678, 408903421, 'Harvey         ', '', NULL, '', ''),
(679, 408903445, 'Jennifer       ', '', NULL, '', ''),
(680, 408903449, 'Shawn          ', '', NULL, '', ''),
(681, 408903500, 'Mark     ', '', NULL, '', ''),
(682, 408903523, 'Tyler          ', '', NULL, '', ''),
(683, 408903530, 'Shane          ', '', NULL, '', ''),
(684, 408903551, 'Jessica        ', '', NULL, '', ''),
(685, 408903565, 'Jane       ', '', NULL, '', ''),
(686, 408903761, 'Martin         ', '', NULL, '', ''),
(687, 408903774, 'Wei            ', '', NULL, '', ''),
(688, 408903815, 'Stephen        ', '', NULL, '', ''),
(689, 408903816, 'Susan          ', '', NULL, '', ''),
(690, 408903817, 'Terry          ', '', NULL, '', ''),
(691, 408903818, 'Thomas         ', '', NULL, '', ''),
(692, 408903882, 'Ryan           ', '', NULL, '', ''),
(693, 408903887, 'John-Paul      ', '', NULL, '', ''),
(694, 408903994, 'Mustafa        ', '', NULL, '', ''),
(695, 408908123, 'Abdul ', '', NULL, '', ''),
(696, 408903124, 'Alaa           ', '', NULL, '', '');

-- --------------------------------------------------------

--
-- Table structure for table `teach`
--

DROP TABLE IF EXISTS `teach`;
CREATE TABLE IF NOT EXISTS `teach` (
  `tid` int(10) UNSIGNED NOT NULL AUTO_INCREMENT,
  `profid` int(10) UNSIGNED NOT NULL,
  `mapid` int(10) UNSIGNED NOT NULL,
  PRIMARY KEY (`tid`),
  KEY `profid` (`profid`),
  KEY `mapid` (`mapid`)
) ENGINE=InnoDB AUTO_INCREMENT=535 DEFAULT CHARSET=utf8;

--
-- Dumping data for table `teach`
--

INSERT INTO `teach` (`tid`, `profid`, `mapid`) VALUES
(472, 504, 443),
(473, 505, 444),
(474, 506, 445),
(475, 507, 446),
(476, 508, 447),
(477, 509, 448),
(478, 510, 449),
(479, 511, 447),
(480, 512, 450),
(481, 513, 451),
(482, 514, 452),
(483, 515, 453),
(484, 516, 454),
(485, 517, 455),
(486, 518, 456),
(487, 504, 458),
(488, 504, 459),
(489, 507, 461),
(490, 519, 460),
(494, 504, 466),
(495, 506, 468),
(496, 520, 465),
(497, 521, 467),
(498, 522, 469),
(501, 506, 475),
(502, 506, 476),
(503, 523, 472),
(504, 524, 473),
(505, 525, 474),
(506, 526, 477),
(529, 506, 503),
(530, 506, 504),
(531, 523, 500),
(532, 524, 501),
(533, 525, 502),
(534, 526, 505);

--
-- Constraints for dumped tables
--

--
-- Constraints for table `coursemap`
--
ALTER TABLE `coursemap`
  ADD CONSTRAINT `coursemap_ibfk_1` FOREIGN KEY (`pid`) REFERENCES `program` (`pid`),
  ADD CONSTRAINT `coursemap_ibfk_2` FOREIGN KEY (`cid`) REFERENCES `course` (`cid`);

--
-- Constraints for table `enrollment`
--
ALTER TABLE `enrollment`
  ADD CONSTRAINT `enrollment_ibfk_1` FOREIGN KEY (`sid`) REFERENCES `student` (`sid`),
  ADD CONSTRAINT `enrollment_ibfk_2` FOREIGN KEY (`pid`) REFERENCES `program` (`pid`);

--
-- Constraints for table `grade`
--
ALTER TABLE `grade`
  ADD CONSTRAINT `grade_ibfk_1` FOREIGN KEY (`sid`) REFERENCES `student` (`sid`),
  ADD CONSTRAINT `grade_ibfk_2` FOREIGN KEY (`mapid`) REFERENCES `coursemap` (`mapid`);

--
-- Constraints for table `prerequisite`
--
ALTER TABLE `prerequisite`
  ADD CONSTRAINT `prerequisite_ibfk_1` FOREIGN KEY (`mapid`) REFERENCES `coursemap` (`mapid`),
  ADD CONSTRAINT `prerequisite_ibfk_2` FOREIGN KEY (`prerequisite`) REFERENCES `coursemap` (`mapid`);

--
-- Constraints for table `program_secretary`
--
ALTER TABLE `program_secretary`
  ADD CONSTRAINT `program_secretary_ibfk_1` FOREIGN KEY (`pid`) REFERENCES `program` (`pid`),
  ADD CONSTRAINT `program_secretary_ibfk_2` FOREIGN KEY (`secid`) REFERENCES `secretary` (`secid`);

--
-- Constraints for table `teach`
--
ALTER TABLE `teach`
  ADD CONSTRAINT `teach_ibfk_1` FOREIGN KEY (`profid`) REFERENCES `professor` (`profid`),
  ADD CONSTRAINT `teach_ibfk_2` FOREIGN KEY (`mapid`) REFERENCES `coursemap` (`mapid`);
COMMIT;

/*!40101 SET CHARACTER_SET_CLIENT=@OLD_CHARACTER_SET_CLIENT */;
/*!40101 SET CHARACTER_SET_RESULTS=@OLD_CHARACTER_SET_RESULTS */;
/*!40101 SET COLLATION_CONNECTION=@OLD_COLLATION_CONNECTION */;
